no,id,file,start,duration_s,scenarios,controllers,points_official,points_reconciled,note,disputed,points_eval,n_points,stages
1,A101,test1,2021-07-10 05:41,190,AP04,P1-PC-CO1,P1_PCV01D,P1_PCV01D,,False,P1_PCV01D,1,P1
2,A102,test1,2021-07-10 07:19,54,AP18,P1-LC-CO1-ST,P1_LCV01D,P1_LCV01D,,False,P1_LCV01D,1,P1
3,A103,test1,2021-07-10 11:25,126,AP11,P1-FC-CO1PV1,P1_FCV03D;P1_FT03,P1_FCV03D;P1_FT03,,False,P1_FCV03D;P1_FT03,2,P1
4,A104,test1,2021-07-10 15:39,54,AP37,P3-LC-CO2,P3_LCV01D,P3_LCV01D,,False,P3_LCV01D,1,P3
5,A105,test1,2021-07-10 16:42,296,AP14,P1-LC-SP1,P1_B3004,P1_B3004,,False,P1_B3004,1,P1
6,A106,test1,2021-07-10 19:21,91,AP13,P1-CC-CO1,P1_PP04,P1_PP04,,False,P1_PP04,1,P1
7,A107,test1,2021-07-10 22:35,67,AP19,P1-TC-CO1,P1_FCV01D,P1_FCV01D,,False,P1_FCV01D,1,P1
8,A201,test2,2021-07-13 16:38,257,AP01,P1-PC-SP1,P1_B2016,P1_B2016,,False,P1_B2016,1,P1
9,A202,test2,2021-07-13 17:21,65,AP13,P1-FC-CO1-ST,P1_FCV03D,P1_FCV03D,,False,P1_FCV03D,1,P1
10,A203,test2,2021-07-13 18:13,45,AP31,P2-SC-SP1-ST,P2_AutoSD,P2_AutoSD,,False,P2_AutoSD,1,P2
11,A204,test2,2021-07-13 20:28,248,AP04+AP29,P1-PC-CO1+P2-SC-CO1,P1_PCV01D;P2_SCO,P1_PCV01D;P2_SCO,,False,P1_PCV01D;P2_SCO,2,P1;P2
12,A205,test2,2021-07-13 21:10,55,AP37,P3-LC-CO2,P3_LCV01D,P3_LCV01D,,False,P3_LCV01D,1,P3
13,A206,test2,2021-07-13 21:58,176,AP02+AP27,P1-PC-SP1PV1+P2-SC-SP1PV1,P1_B2016;P1_PIT01;P2_AutoSD;P2_SIT01,P1_B2016;P1_PIT01;P2_AutoSD;P2_SIT01,,False,P1_B2016;P1_PIT01;P2_AutoSD;P2_SIT01,4,P1;P2
14,A207,test2,2021-07-13 23:40,284,AP16,P1-LC-CO1,P1_LCV01D,P1_LCV01D,,False,P1_LCV01D,1,P1
15,A208,test2,2021-07-14 01:15,152,AP30,P2-SC-CO1PV1,P2_SCO;P2_SIT01,P2_SCO;P2_SIT01,,False,P2_SCO;P2_SIT01,2,P2
16,A209,test2,2021-07-14 01:40,162,AP03,P1-PC-SP1PV1PV2,P1_B2016;P1_PIT01;P1_FIT01,P1_B2016;P1_PIT01;P1_FT01,P1_FIT01 is not a tag; read as P1_FT01,False,P1_B2016;P1_PIT01;P1_FT01,3,P1
17,A210,test2,2021-07-14 03:23,97,AP26,P2-SC-SP1,P2_AutoSD,P2_AutoSD,,False,P2_AutoSD,1,P2
18,A211,test2,2021-07-14 07:21,151,AP05,P1-PC-CO1PV1,P1_PCV01D;P1_PIT01,P1_PCV01D;P1_PIT01,,False,P1_PCV01D;P1_PIT01,2,P1
19,A212,test2,2021-07-14 08:11,55,AP35,P3-LC-CO1,P3_LCP01D,P3_LCP01D,,False,P3_LCP01D,1,P3
20,A213,test2,2021-07-14 10:35,80,AP24,P1-CC-CO1-ST,P1_PP04,P1_PP04,,False,P1_PP04,1,P1
21,A214,test2,2021-07-14 11:23,613,AP39,P3-LC-CO2-LT,P3_LCV01D,P3_LCV01D,,False,P3_LCV01D,1,P3
22,A215,test2,2021-07-14 12:17,168,AP09,P1-FC-SP1PV1,P1_B3005;P1_FT03,P1_B3005;P1_FT03,,False,P1_B3005;P1_FT03,2,P1
23,A216,test2,2021-07-14 13:52,158,AP01+AP08,P1-PC-SP1+P1-FC-SP1,P1_B2016;P1_B3005,P1_B2016;P1_B3005,,False,P1_B2016;P1_B3005,2,P1
24,A217,test2,2021-07-14 14:31,98,AP10,P1-FC-CO1,P1_FCV03D,P1_FCV03D,,False,P1_FCV03D,1,P1
25,A301,test3,2021-07-14 18:21,348,AP16+AP10,P3-LC-CO2+P1-FC-CO1,P2_LCV01D;P1_FCV03D,P3_LCV01D;P1_FCV03D,P2_LCV01D is not a tag; controller P3-LC-CO2 -> P3_LCV01D,False,P3_LCV01D;P1_FCV03D,2,P1;P3
26,A302,test3,2021-07-14 20:16,358,AP15,P1-LC-SP1PV1,P1_LCV01D,P1_B3004;P1_LIT01,official points appear shifted one row (A302-A306); reconciled from controller code,True,P1_LCV01D;P1_B3004;P1_LIT01,3,P1
27,A303,test3,2021-07-14 23:22,143,AP17+AP37,P1-LC-CO1PV1+P3-LC-CO2,P1_B3004;P1_LIT01;P3_LCV01D,P1_LCV01D;P1_LIT01;P3_LCV01D,shifted row; reconciled from controller code,True,P1_B3004;P1_LIT01;P3_LCV01D;P1_LCV01D,4,P1;P3
28,A304,test3,2021-07-15 01:41,91,AP38,P3-LC-CO2PV1,P1_LCV01D;P1_LIT01,P3_LCV01D;P3_LIT01,shifted row; reconciled from controller code,True,P1_LCV01D;P1_LIT01;P3_LCV01D;P3_LIT01,4,P1;P3
29,A305,test3,2021-07-15 02:09,94,AP18,P1-LC-CO1-ST,P3_LCV01D,P1_LCV01D,shifted row; reconciled from controller code,True,P3_LCV01D;P1_LCV01D,2,P1;P3
30,A306,test3,2021-07-15 03:37,353,AP04+AP15,P1-PC-CO1+P1-LC-SP1PV1,P1_LCV01D;P1_B3004;P1_LIT01,P1_PCV01D;P1_B3004;P1_LIT01,shifted row; reconciled from controller code,True,P1_LCV01D;P1_B3004;P1_LIT01;P1_PCV01D,4,P1
31,A307,test3,2021-07-15 05:35,151,AP20,P1-TC-CO1PV1,P1_FCV01D;P1_TIT01,P1_FCV01D;P1_TIT01,,False,P1_FCV01D;P1_TIT01,2,P1
32,A308,test3,2021-07-15 06:53,173,AP05+AP23,P1-PC-CO1PV1+P1-CC-CO1,P1_PCV01D;P1_PIT01;P1_PP04,P1_PCV01D;P1_PIT01;P1_PP04,,False,P1_PCV01D;P1_PIT01;P1_PP04,3,P1
33,A309,test3,2021-07-15 07:42,96,AP08+AP19,P1-FC-SP1+P1-TC-CO1,P1_B3005;P1_FCV01D,P1_B3005;P1_FCV01D,,False,P1_B3005;P1_FCV01D,2,P1
34,A310,test3,2021-07-15 09:52,2024,AP35+AP37,P3-LC-CO1+P3-LC-CO2,P3_LCP01D;P3_LCV01D,P3_LCP01D;P3_LCV01D,,False,P3_LCP01D;P3_LCV01D,2,P3
35,A401,test4,2021-07-15 12:42,38,AP28,P2-SC-SP2,P2_ManualSD,P2_ManualSD,,False,P2_ManualSD,1,P2
36,A402,test4,2021-07-15 13:20,88,AP21,P1-TC-CO1-ST,P1_FCV01D,P1_FCV01D,,False,P1_FCV01D,1,P1
37,A403,test4,2021-07-15 13:57,96,AP34,P2-TC-SP3,P2_RTR,P2_RTR,,False,P2_RTR,1,P2
38,A404,test4,2021-07-15 15:08,97,AP26+AP37,P2-SC-SP1+P3-LC-CO2,P2_AutoSD;P3_LCV01D,P2_AutoSD;P3_LCV01D,,False,P2_AutoSD;P3_LCV01D,2,P2;P3
39,A405,test4,2021-07-15 16:07,505,AP22,P1-TC-SP1-LT,P1_B4002,P1_B4002,,False,P1_B4002,1,P1
40,A406,test4,2021-07-15 17:22,186,AP09+AP19,P1-FC-SP1PV1+P1-TC-CO1,P1_B3005;P1_FT03;P1_FCV01D,P1_B3005;P1_FT03;P1_FCV01D,,False,P1_B3005;P1_FT03;P1_FCV01D,3,P1
41,A407,test4,2021-07-15 19:45,122,AP13,P1-FC-CO1-ST,P1_FCV03D,P1_FCV03D,,False,P1_FCV03D,1,P1
42,A408,test4,2021-07-15 20:29,673,AP17+AP05+AP17,P1-LC-CO1PV1+P1-PC-CO1PV1,P1_LCV01D;P1_LIT01;P1_PCV01D;P1_PIT01,P1_LCV01D;P1_LIT01;P1_PCV01D;P1_PIT01,three primitives listed,False,P1_LCV01D;P1_LIT01;P1_PCV01D;P1_PIT01,4,P1
43,A409,test4,2021-07-15 22:41,63,AP18+AP21,P1-LC-CO1-ST+P1-TC-CO1-ST,P1_LCV01D;P1_FCV01D,P1_LCV01D;P1_FCV01D,,False,P1_LCV01D;P1_FCV01D,2,P1
44,A410,test4,2021-07-16 01:07,179,AP11+AP27,P1-FC-CO1PV1+P2-SC-SP1PV1,P1_FCV03D;P1_FT03;P2_AutoSD;P2_SIT01,P1_FCV03D;P1_FT03;P2_AutoSD;P2_SIT01,,False,P1_FCV03D;P1_FT03;P2_AutoSD;P2_SIT01,4,P1;P2
45,A411,test4,2021-07-16 03:35,99,AP23+AP34,P1-CC-CO1+P2-TC-SP3,P1_PP04;P2_RTR,P1_PP04;P2_RTR,,False,P1_PP04;P2_RTR,2,P1;P2
46,A412,test4,2021-07-16 04:02,156,AP20+AP01,P1-TC-CO1PV1+P1-PC-SP1,P1_FCV01D;P1_TIT01;P1_B2016,P1_FCV01D;P1_TIT01;P1_B2016,,False,P1_FCV01D;P1_TIT01;P1_B2016,3,P1
47,A413,test4,2021-07-16 04:59,153,AP16+AP27,P1-LC-CO1+P2-SC-SP1PV1,P1_LCV01D;P2_AutoSD;P2_SIT01,P1_LCV01D;P2_AutoSD;P2_SIT01,,False,P1_LCV01D;P2_AutoSD;P2_SIT01,3,P1;P2
48,A414,test4,2021-07-16 07:20,77,AP33+AP36,P2-TC-SP2+P3-LC-CO1PV1,P2_VTR02;P3_LCP01D;P3_LIT01,P2_VTR02;P3_LCP01D;P3_LIT01,,False,P2_VTR02;P3_LCP01D;P3_LIT01,3,P2;P3
49,A415,test4,2021-07-16 09:17,77,AP33,P2-TC-SP2,P2_VTR02,P2_VTR02,scenario printed as AP3,False,P2_VTR02,1,P2
50,A416,test4,2021-07-16 10:39,134,AP12,P1-FC-CO1PV1PV2,P1_FCV03D;P1_FT03;P1_LIT01,P1_FCV03D;P1_FT03;P1_LIT01,,False,P1_FCV03D;P1_FT03;P1_LIT01,3,P1
51,A417,test4,2021-07-16 11:22,544,AP25,P1-CC-SP1-LT,P1_PP04_SP,P1_PP04SP,P1_PP04_SP printed; tag is P1_PP04SP,False,P1_PP04SP,1,P1
52,A418,test4,2021-07-16 13:23,342,AP01+AP14,P1-PC-SP1+P1-LC-SP1,P1_B2016;P1_B3004,P1_B2016;P1_B3004,,False,P1_B2016;P1_B3004,2,P1
53,A419,test4,2021-07-16 14:59,163,AP01+AP35,P1-PC-SP1+P3-LC-CO1,P1_B2016;P3_LCP01D,P1_B2016;P3_LCP01D,,False,P1_B2016;P3_LCP01D,2,P1;P3
54,A420,test4,2021-07-16 15:57,89,AP07,P1-PC-CO1-ST,P1_PCV01D,P1_PCV01D,,False,P1_PCV01D,1,P1
55,A421,test4,2021-07-16 17:34,152,AP30+AP23,P2-SC-CO1PV1+P1-CC-CO1,P2_SCO;P2_SIT01;P1_PP04,P2_SCO;P2_SIT01;P1_PP04,,False,P2_SCO;P2_SIT01;P1_PP04,3,P1;P2
56,A422,test4,2021-07-16 20:08,165,AP02+AP26,P1-PC-SP1PV1+P2-SC-SP1,P1_B2016;P1_PIT01;P2_AutoSD,P1_B2016;P1_PIT01;P2_AutoSD,,False,P1_B2016;P1_PIT01;P2_AutoSD,3,P1;P2
57,A423,test4,2021-07-16 22:17,115,AP08+AP29,P1-FC-SP1+P2-SC-CO1,P1_B3005;P2_SCO,P1_B3005;P2_SCO,,False,P1_B3005;P2_SCO,2,P1;P2
58,A424,test4,2021-07-16 23:05,86,AP10+AP23,P1-FC-CO1+P1-CC-CO1,P1_FCV03D;P1_PP04,P1_FCV03D;P1_PP04,,False,P1_FCV03D;P1_PP04,2,P1
