episode,attacks,start,end,duration_s,points_eval,stages,localisable,note
0,1,2015-12-28 10:29:14,2015-12-28 10:44:54,940,MV101,S1,True,
1,2,2015-12-28 10:51:08,2015-12-28 10:58:31,443,P102,S1,True,
2,3,2015-12-28 11:22:00,2015-12-28 11:28:23,383,LIT101,S1,True,
3,4,2015-12-28 11:47:39,2015-12-28 11:54:09,390,MV504,S5,False,MV504 not in data; list reports no impact
4,6,2015-12-28 12:00:55,2015-12-28 12:04:11,196,AIT202,S2,True,
5,7,2015-12-28 12:08:25,2015-12-28 12:15:34,429,LIT301,S3,True,
6,8,2015-12-28 13:10:10,2015-12-28 13:26:14,964,DPIT301,S3,True,
7,10+11,2015-12-28 14:16:20,2015-12-28 14:28:21,721,FIT401,S4,True,merged listed attacks
8,unlisted,2015-12-29 06:30:00,2015-12-29 06:42:01,721,,,False,labelled attack episode not in official list; detection only
9,13,2015-12-29 11:11:25,2015-12-29 11:15:18,233,MV304,S3,True,
10,14,2015-12-29 11:35:40,2015-12-29 11:42:51,431,MV303,S3,True,
11,16,2015-12-29 11:57:25,2015-12-29 12:02:01,276,LIT301,S3,True,
12,17,2015-12-29 14:38:12,2015-12-29 14:50:09,717,MV303,S3,True,
13,19,2015-12-29 18:10:43,2015-12-29 18:15:02,259,AIT504,S5,True,
14,20,2015-12-29 18:15:43,2015-12-29 18:22:18,395,AIT504,S5,True,
15,21,2015-12-29 18:30:00,2015-12-29 18:42:01,721,MV101;LIT101,S1,True,
16,22,2015-12-29 22:55:18,2015-12-29 23:03:01,463,UV401;AIT502;P501,S4;S5,True,
17,23,2015-12-30 01:42:34,2015-12-30 01:54:11,697,P602;DPIT301;MV302,S3;S6,True,
18,24,2015-12-30 09:51:08,2015-12-30 09:56:29,321,P203;P205,S2,True,
19,25,2015-12-30 10:01:50,2015-12-30 10:12:02,612,LIT401;P401,S4,True,
20,26,2015-12-30 17:04:56,2015-12-30 17:29:01,1445,P101;LIT301,S1;S3,True,
21,27+28,2015-12-31 01:17:08,2015-12-31 11:15:28,35900,P302;LIT401,S3;S4,True,merged listed attacks
22,29,2015-12-31 15:32:00,2015-12-31 15:34:01,121,P201;P203;P205,S2,True,
23,30,2015-12-31 15:47:40,2015-12-31 16:07:11,1171,LIT101;P101;MV201,S1;S2,True,
24,31,2015-12-31 22:05:34,2015-12-31 22:11:41,367,LIT401,S4,True,
25,32,2016-01-01 10:36:00,2016-01-01 10:46:01,601,LIT301,S3,True,
26,33,2016-01-01 14:21:12,2016-01-01 14:28:36,444,LIT101,S1,True,
27,34,2016-01-01 17:12:40,2016-01-01 17:14:21,101,P101,S1,True,
28,35,2016-01-01 17:18:56,2016-01-01 17:26:57,481,P101;P102,S1,True,
29,36,2016-01-01 22:16:01,2016-01-01 22:25:01,540,LIT101,S1,True,
30,37,2016-01-02 11:17:02,2016-01-02 11:24:51,469,P501;FIT502,S5,True,
31,38,2016-01-02 11:31:38,2016-01-02 11:36:19,281,AIT402;AIT502,S4;S5,True,
32,39,2016-01-02 11:43:48,2016-01-02 11:50:29,401,FIT401;AIT502,S4;S5,True,
33,40,2016-01-02 11:51:42,2016-01-02 11:56:39,297,FIT401,S4,True,
34,41,2016-01-02 13:13:02,2016-01-02 13:41:12,1690,LIT301,S3,True,
