,FIT101,LIT101,MV101,P101,P102,AIT201,AIT202,AIT203,FIT201,MV201,P201,P202,P203,P204,P205,P206,DPIT301,FIT301,LIT301,MV301,MV302,MV303,MV304,P301,P302,AIT401,AIT402,FIT401,LIT401,P401,P402,P403,P404,UV401,AIT501,AIT502,AIT503,AIT504,FIT501,FIT502,FIT503,FIT504,P501,P502,PIT501,PIT502,PIT503,FIT601,P601,P602,P603
FIT101,14.41530625,1.642966337,-12.15689964,-0.3850895696,0,0.1580639412,0.06606921475,0.09242496936,0.5609857529,0.04627466142,0,0,0.06816204279,0,-0.1745503631,0,-0.02711389359,0.3551366407,-0.9851058306,-0.01451356733,-0.01534609774,0.02895802842,0.1225784504,-0.006617727294,0.2503859561,0.1469139296,0.0544447972,-0.02334750906,-0.01953450076,0,0,0,0,0,0.02816257642,-0.02140091471,-0.279497938,0.345206366,-0.1408387311,-0.01286203461,-0.05408591654,-0.0008188778067,0,0,0.1076275244,-0.03480281511,0.09842346214,0.03056048853,0,0.009495532356,0
LIT101,1.642966337,5.029099988,0.7319316778,0.3070693816,-0,0.6857019623,-0.05730674227,0.4658523038,1.222985085,-0.1271638868,-0,-0,1.321462879,-0,-0.2923671324,-0,-0.4306073067,0.06834076971,-0.2039086013,0.006046960037,0.03946656034,0.04168992422,0.01702899158,0.00762013829,0.3101121377,0.248934356,-0.09832392253,0.0574389354,0.9870819899,-0,-0,-0,-0,-0,-0.1127538375,0.1837768683,-0.1758080089,-1.239122516,0.1421262869,0.007929949501,-0.225920263,-0.02753408896,-0,-0,-0.3231300303,-0.02758399708,-0.5214264198,-0.01198596511,-0,-0.03991482648,-0
MV101,-12.15689964,0.7319316778,13.38959929,0.2579753593,0,0.04054180878,0.004156481751,0.01784719494,0.165197976,-0.182479888,0,0,0.2048876029,0,-0.06066883349,0,-0.03767999195,-0.2974099244,-0.1163144108,0.03720823846,-0.1583843967,-0.01811141934,-0.1602549452,0.003848080472,0.1875836001,0.06295543767,0.0352375024,0.03468615166,-0.4598017995,0,0,0,0,0,-0.01234622948,0.00687001846,-0.09736129876,0.2817581381,0.0008829124044,0.007786442627,0.03016559178,-0.002354217859,0,0,0.08169019161,-0.01256001141,0.1426878337,-0.0532132312,0,-0.05886920704,0
P101,-0.3850895696,0.3070693816,0.2579753593,49.26101048,0,0.3630662156,0.3010983646,-0.5300006741,-17.81320308,-18.94526278,0,0,-9.901517835,0,-1.133845954,0,0.03136949906,-0.4271430556,1.170808699,0.05980702351,0.02001138919,-0.1245937669,-0.05038559004,0.0001597779969,-0.2485116123,-0.1111400372,0.01332323437,-0.09209164009,-0.7133462361,0,0,0,0,0,-0.02657214333,0.134256168,-0.2714204261,-0.05921799442,0.1306504536,-0.001632060156,-0.01128621167,-0.03939588728,0,0,-0.07911903491,-0.01469408893,0.02360847889,-0.01635632841,0,-0.05336830051,0
P102,0,0,0,0,100,0,0,0,0,0,0,0,0,0,0,0,0,0,0,0,0,0,0,0,0,0,0,0,0,0,0,0,0,0,0,0,0,0,0,0,0,0,0,0,0,0,0,0,0,0,0
AIT201,0.1580639412,0.6857019623,0.04054180878,0.3630662156,0,8.766909091,0.292769054,1.277840331,0.1786273823,-0.1259841987,0,0,0.3832339932,0,-0.2694615726,0,0.7113666127,-0.3675684157,1.511311903,0.03774354026,0.3034612121,-0.06232815709,-0.07116380135,0.005837316715,0.04435450439,-1.85787938,1.932500725,0.3055171579,0.4116286049,0,0,0,0,0,-3.02951398,-1.785031392,-4.912602164,-1.645932451,0.399677251,-0.01018893081,0.3330324672,0.09476295781,0,0,-1.301399673,-0.009405472539,-1.416136203,-0.0158435652,0,-0.0293765376,0
AIT202,0.06606921475,-0.05730674227,0.004156481751,0.3010983646,0,0.292769054,2.007577985,-1.923338124,1.053455706,0.1197849578,0,0,1.292893121,0,-2.267018245,0,0.01607774098,0.01009089185,-0.1476664208,-0.01361131645,-0.02858295119,0.02076612904,0.01233354411,-0.0008624162609,0.0101193572,-0.0507871569,0.2278926487,0.0306047821,-0.01767744749,0,0,0,0,0,-0.3824439829,0.3234606264,0.08198215889,0.265410289,-0.01803845144,-0.002861228353,0.08484924907,0.006400463434,0,0,-0.04659051891,-0.06793053653,-0.05544440818,0.008862117274,0,0.01478108249,0
AIT203,0.09242496936,0.4658523038,0.01784719494,-0.5300006741,0,1.277840331,-1.923338124,8.394734034,-2.053947012,-0.3319722953,0,0,-2.626254596,0,4.887502014,0,0.4593913243,0.006645989887,0.7364749627,0.00696927506,0.02948305148,-0.02869950087,-0.007547936381,-0.008884951147,-0.1907323881,3.700532894,-0.09308614962,0.422833975,0.2369293738,0,0,0,0,0,1.040558393,-0.08458213002,-1.37087245,-2.07102606,0.6504754439,-0.05433686042,-0.2408576291,0.07634538704,0,0,-0.7487417873,0.7315131834,-0.7185365566,0.01129125061,0,0.003564887454,0
FIT201,0.5609857529,1.222985085,0.165197976,-17.81320308,-0,0.1786273823,1.053455706,-2.053947012,46.39933619,2.856145178,-0,-0,-26.38407454,-0,-3.434890294,-0,0.171155314,-0.03938388755,0.3874724725,-0.01727241804,-0.02499694147,0.005097507123,0.02159682244,0.0001594649462,-0.07054929918,-0.1523389956,0.06813244314,-0.01862153649,-0.6450120183,-0,-0,-0,-0,-0,-0.3883573823,0.02063766514,-0.0931413213,0.1533972292,-0.09339768109,0.009038126373,0.05264461412,-0.01230378013,-0,-0,-0.07862462539,-0.06695571899,-0.05766354769,-0.05445660029,-0,0.02757454815,-0
MV201,0.04627466142,-0.1271638868,-0.182479888,-18.94526278,0,-0.1259841987,0.1197849578,-0.3319722953,2.856145178,28.11994107,0,0,-11.06331986,0,-0.8992229496,0,-0.1488423672,-0.001410984356,-0.328713187,0.01916456763,0.01474842887,-0.008966764238,-0.006517645346,-8.386591277e-05,0.0512341764,0.1029222733,-0.009375844654,0.02884658405,0.3736867121,0,0,0,0,0,0.01360497131,0.02608993467,0.1134759683,-0.01004355245,-0.0231408352,-0.02628923055,-0.01378881149,0.008700513107,0,0,0.002751849805,0.03041332778,-0.01383782522,0.02940157911,0,-0.0348759984,0
P201,0,0,0,0,0,0,0,0,0,0,100,0,0,0,0,0,0,0,0,0,0,0,0,0,0,0,0,0,0,0,0,0,0,0,0,0,0,0,0,0,0,0,0,0,0,0,0,0,0,0,0
P202,0,0,0,0,0,0,0,0,0,0,0,100,0,0,0,0,0,0,0,0,0,0,0,0,0,0,0,0,0,0,0,0,0,0,0,0,0,0,0,0,0,0,0,0,0,0,0,0,0,0,0
P203,0.06816204279,1.321462879,0.2048876029,-9.901517835,0,0.3832339932,1.292893121,-2.626254596,-26.38407454,-11.06331986,0,0,53.78391828,0,-5.153064216,0,-0.1520545879,-0.2748561637,-0.05070293036,0.05898667683,0.01333633844,-0.07661884562,-0.02015499412,-3.082070631e-05,-0.04572504603,-0.07145891157,0.1076608071,0.04938518496,-0.008347895165,0,0,0,0,0,-0.2204793008,0.3814701546,0.01011433729,0.07623682275,-0.003525261196,-0.02284222085,0.0922753672,-0.04793959968,0,0,-0.05450857477,-0.008119890629,-0.04239690011,-0.01338162687,0,-0.08587579769,0
P204,0,0,0,0,0,0,0,0,0,0,0,0,0,100,0,0,0,0,0,0,0,0,0,0,0,0,0,0,0,0,0,0,0,0,0,0,0,0,0,0,0,0,0,0,0,0,0,0,0,0,0
P205,-0.1745503631,-0.2923671324,-0.06066883349,-1.133845954,0,-0.2694615726,-2.267018245,4.887502014,-3.434890294,-0.8992229496,0,0,-5.153064216,0,10.7917065,0,-0.09803143718,0.02492562927,0.2959171806,0.003158118423,0.06328590912,-0.01512143943,-0.023561646,0.001303168626,-0.06891155669,-0.2554920971,-0.03911757873,-0.003907795126,-0.1005856066,0,0,0,0,0,0.2677121542,-0.6197804196,-0.04984090938,-0.06910643466,-0.0007575376772,0.03704469704,-0.1158424599,0.06132235677,0,0,0.1362507784,-0.1099486773,0.1462930239,-0.002364093097,0,0.0007580734946,0
P206,0,0,0,0,0,0,0,0,0,0,0,0,0,0,0,100,0,0,0,0,0,0,0,0,0,0,0,0,0,0,0,0,0,0,0,0,0,0,0,0,0,0,0,0,0,0,0,0,0,0,0
DPIT301,-0.02711389359,-0.4306073067,-0.03767999195,0.03136949906,0,0.7113666127,0.01607774098,0.4593913243,0.171155314,-0.1488423672,0,0,-0.1520545879,0,-0.09803143718,0,34.38517738,-21.09762557,1.42326466,-0.3608765107,-10.48924248,0.5647703028,1.335110682,-0.02276944277,-1.89894529,-0.1995451936,0.1140815442,0.2656352439,-1.110978209,0,0,0,0,0,0.09291210114,0.2160133244,-0.7109954766,-0.4665999282,0.2201431659,-0.03659660347,-0.047171306,-0.04074645778,0,0,-0.4708986373,0.2169339586,-0.4169890291,0.77684056,0,0.5861715311,0
FIT301,0.3551366407,0.06834076971,-0.2974099244,-0.4271430556,0,-0.3675684157,0.01009089185,0.006645989887,-0.03938388755,-0.001410984356,0,0,-0.2748561637,0,0.02492562927,0,-21.09762557,32.09398128,-0.3988239765,0.3210971292,5.966010219,-1.627808238,-0.2647799338,-0.2069365029,-16.51463044,0.2048621474,-0.1049119846,-0.1218234069,0.5032422674,0,0,0,0,0,0.08483829595,-0.03261434193,0.2744240177,0.2719413674,-0.2051505348,0.03460069251,-0.01183981931,0.007651258772,0,0,0.3091087202,-0.05499061413,0.2135307219,0.2941819169,0,-0.1404277,0
LIT301,-0.9851058306,-0.2039086013,-0.1163144108,1.170808699,0,1.511311903,-0.1476664208,0.7364749627,0.3874724725,-0.328713187,0,0,-0.05070293036,0,0.2959171806,0,1.42326466,-0.3988239765,3.189283209,-0.1123082153,0.2857347171,0.04745117153,0.06802639178,-0.0002267156846,-0.7582261171,-0.2667936551,0.1306381209,0.07341726831,-1.074660607,0,0,0,0,0,-0.24234928,-0.1867643355,-1.24519419,-0.7041146705,0.1501291492,-0.01717500505,-0.02074621949,-0.03593240747,0,0,-0.4060003618,0.0344387289,-0.3565136872,0.09567366268,0,0.2113137117,0
MV301,-0.01451356733,0.006046960037,0.03720823846,0.05980702351,0,0.03774354026,-0.01361131645,0.00696927506,-0.01727241804,0.01916456763,0,0,0.05898667683,0,0.003158118423,0,-0.3608765107,0.3210971292,-0.1123082153,2.860602779,0.2028150072,-0.2854620395,0.06417056461,-0.005998190278,-0.4247113854,-0.01759520303,0.007306689031,-0.02248799555,-0.005844305739,0,0,0,0,0,-0.01957338056,-0.02306851817,-0.01618974818,-0.02716315083,0.01980703513,-0.003626191571,3.83905283e-05,0.0002528580925,0,0,-0.01849191623,-0.001217523933,-0.006877471318,0.5748648818,0,-2.659216537,0
MV302,-0.01534609774,0.03946656034,-0.1583843967,0.02001138919,0,0.3034612121,-0.02858295119,0.02948305148,-0.02499694147,0.01474842887,0,0,0.01333633844,0,0.06328590912,0,-10.48924248,5.966010219,0.2857347171,0.2028150072,11.69554919,-1.285544834,2.069005174,-0.07941985246,-6.325852931,-0.08325076921,-0.07837505214,-0.04723888329,0.004657558162,0,0,0,0,0,-0.07686400818,-0.03010285919,-0.2439365591,-0.08495006512,0.02584350443,-0.001414207693,0.002166040607,-0.01653211638,0,0,0.03752417494,-0.06736487559,0.05787973912,0.3198964228,0,-0.04592847227,0
MV303,0.02895802842,0.04168992422,-0.01811141934,-0.1245937669,0,-0.06232815709,0.02076612904,-0.02869950087,0.005097507123,-0.008966764238,0,0,-0.07661884562,0,-0.01512143943,0,0.5647703028,-1.627808238,0.04745117153,-0.2854620395,-1.285544834,1.986921759,-0.7313424128,0.03422333373,2.667663218,0.02649155785,-0.003477079922,-0.001075028635,0.1245589262,0,0,0,0,0,0.01692482996,0.01827583945,0.04603200064,0.0207933748,-0.01085439444,0.005960990522,0.02069817968,-0.0004616215425,0,0,0.01035957775,-0.003544150943,-0.01567732681,-0.7734345601,0,-0.07103219954,0
MV304,0.1225784504,0.01702899158,-0.1602549452,-0.05038559004,-0,-0.07116380135,0.01233354411,-0.007547936381,0.02159682244,-0.006517645346,-0,-0,-0.02015499412,-0,-0.023561646,-0,1.335110682,-0.2647799338,0.06802639178,0.06417056461,2.069005174,-0.7313424128,1.903016913,-0.03433665403,-2.793988212,0.0298102717,0.003820036113,-0.01545102682,0.01515643191,-0,-0,-0,-0,-0,0.01644952993,0.009378650229,0.04534124419,0.04131702789,0.009964562722,-0.002413437597,0.01878096052,0.0008609739461,-0,-0,-0.006498048793,0.008154587568,0.003641432726,0.4106915634,-0,0.07913973348,-0
P301,-0.006617727294,0.00762013829,0.003848080472,0.0001597779969,0,0.005837316715,-0.0008624162609,-0.008884951147,0.0001594649462,-8.386591277e-05,0,0,-3.082070631e-05,0,0.001303168626,0,-0.02276944277,-0.2069365029,-0.0002267156846,-0.005998190278,-0.07941985246,0.03422333373,-0.03433665403,0.9943475324,0.3090625291,-0.01168794902,-0.01847491687,-0.01743150921,0.01662181386,0,0,0,0,0,-0.01299900896,-5.542801092e-05,-0.006446081069,0.0272189449,-0.006045097565,-0.008764799195,-0.005631975128,-0.002330282606,0,0,0.009488981602,-0.01075026547,0.003959980783,-0.01480274475,0,0.0004396578992,0
P302,0.2503859561,0.3101121377,0.1875836001,-0.2485116123,0,0.04435450439,0.0101193572,-0.1907323881,-0.07054929918,0.0512341764,0,0,-0.04572504603,0,-0.06891155669,0,-1.89894529,-16.51463044,-0.7582261171,-0.4247113854,-6.325852931,2.667663218,-2.793988212,0.3090625291,24.84355314,-0.03636818406,0.003343997466,0.004751932853,0.8973383397,0,0,0,0,0,-0.04993696144,-0.04670135457,0.03756811853,-0.14698539,0.06256693737,0.01209753908,-0.009357783809,0.01558966485,0,0,0.01170392942,-0.06424488264,0.001155016016,-1.212776277,0,-0.03967167532,0
AIT401,0.1469139296,0.248934356,0.06295543767,-0.1111400372,0,-1.85787938,-0.0507871569,3.700532894,-0.1523389956,0.1029222733,0,0,-0.07145891157,0,-0.2554920971,0,-0.1995451936,0.2048621474,-0.2667936551,-0.01759520303,-0.08325076921,0.02649155785,0.0298102717,-0.01168794902,-0.03636818406,5.286929328,1.534140722,-0.05839737864,0.08506390197,0,0,0,0,0,1.230451831,-0.3392218663,0.9861193809,0.635291795,-0.3692150825,-0.04283630153,-0.1074913797,0.1639668131,0,0,-0.2430451871,0.5180102638,0.01768328473,0.01062590455,0,0.01722109128,0
AIT402,0.0544447972,-0.09832392253,0.0352375024,0.01332323437,0,1.932500725,0.2278926487,-0.09308614962,0.06813244314,-0.009375844654,0,0,0.1076608071,0,-0.03911757873,0,0.1140815442,-0.1049119846,0.1306381209,0.007306689031,-0.07837505214,-0.003477079922,0.003820036113,-0.01847491687,0.003343997466,1.534140722,21.95240334,-0.5849088987,0.09767886696,0,0,0,0,0,-0.02646549783,-20.59286276,-0.6462730591,1.493208838,-0.9754121038,0.07180692222,1.251994345,0.2061573776,0,0,3.001544558,1.029975271,-3.523461818,0.009281664105,0,-0.01263316324,0
FIT401,-0.02334750906,0.0574389354,0.03468615166,-0.09209164009,0,0.3055171579,0.0306047821,0.422833975,-0.01862153649,0.02884658405,0,0,0.04938518496,0,-0.003907795126,0,0.2656352439,-0.1218234069,0.07341726831,-0.02248799555,-0.04723888329,-0.001075028635,-0.01545102682,-0.01743150921,0.004751932853,-0.05839737864,-0.5849088987,25.28047275,-0.6598733262,0,0,0,0,0,0.2271659056,0.224936856,0.647195643,-2.981880786,-15.93630164,-0.4431860785,2.761650441,2.274773951,0,0,0.9230122151,-0.3984503987,0.5695922808,0.02332378355,0,0.02698209195,0
LIT401,-0.01953450076,0.9870819899,-0.4598017995,-0.7133462361,0,0.4116286049,-0.01767744749,0.2369293738,-0.6450120183,0.3736867121,0,0,-0.008347895165,0,-0.1005856066,0,-1.110978209,0.5032422674,-1.074660607,-0.005844305739,0.004657558162,0.1245589262,0.01515643191,0.01662181386,0.8973383397,0.08506390197,0.09767886696,-0.6598733262,3.452610701,0,0,0,0,0,-0.5425063806,-0.7696793042,0.1883636278,-1.674348321,-1.087296075,-0.0295691255,0.05000361613,0.241489499,0,0,-1.797758936,0.05830743767,-1.371087798,-0.04075716795,0,-0.0539949839,0
P401,0,0,0,0,0,0,0,0,0,0,0,0,0,0,0,0,0,0,0,0,0,0,0,0,0,0,0,0,0,100,0,0,0,0,0,0,0,0,0,0,0,0,0,0,0,0,0,0,0,0,0
P402,0,0,0,0,0,0,0,0,0,0,0,0,0,0,0,0,0,0,0,0,0,0,0,0,0,0,0,0,0,0,100,0,0,0,0,0,0,0,0,0,0,0,0,0,0,0,0,0,0,0,0
P403,0,0,0,0,0,0,0,0,0,0,0,0,0,0,0,0,0,0,0,0,0,0,0,0,0,0,0,0,0,0,0,100,0,0,0,0,0,0,0,0,0,0,0,0,0,0,0,0,0,0,0
P404,0,0,0,0,0,0,0,0,0,0,0,0,0,0,0,0,0,0,0,0,0,0,0,0,0,0,0,0,0,0,0,0,100,0,0,0,0,0,0,0,0,0,0,0,0,0,0,0,0,0,0
UV401,0,0,0,0,0,0,0,0,0,0,0,0,0,0,0,0,0,0,0,0,0,0,0,0,0,0,0,0,0,0,0,0,0,100,0,0,0,0,0,0,0,0,0,0,0,0,0,0,0,0,0
AIT501,0.02816257642,-0.1127538375,-0.01234622948,-0.02657214333,0,-3.02951398,-0.3824439829,1.040558393,-0.3883573823,0.01360497131,0,0,-0.2204793008,0,0.2677121542,0,0.09291210114,0.08483829595,-0.24234928,-0.01957338056,-0.07686400818,0.01692482996,0.01644952993,-0.01299900896,-0.04993696144,1.230451831,-0.02646549783,0.2271659056,-0.5425063806,0,0,0,0,0,5.686593011,3.849262699,0.1914379551,0.7253357293,0.3448186624,0.1145384456,-0.8339827964,-0.3870068621,0,0,2.591114633,0.3600109905,-1.3459499,0.01573390161,0,0.02790763737,0
AIT502,-0.02140091471,0.1837768683,0.00687001846,0.134256168,-0,-1.785031392,0.3234606264,-0.08458213002,0.02063766514,0.02608993467,-0,-0,0.3814701546,-0,-0.6197804196,-0,0.2160133244,-0.03261434193,-0.1867643355,-0.02306851817,-0.03010285919,0.01827583945,0.009378650229,-5.542801092e-05,-0.04670135457,-0.3392218663,-20.59286276,0.224936856,-0.7696793042,-0,-0,-0,-0,-0,3.849262699,27.95714328,0.9031425688,-0.04833367315,0.7152384062,0.06647067218,-3.398632355,-1.26319643,-0,-0,2.45400924,-1.087709701,-2.742702451,0.004864507921,-0,0.04484637627,-0
AIT503,-0.279497938,-0.1758080089,-0.09736129876,-0.2714204261,0,-4.912602164,0.08198215889,-1.37087245,-0.0931413213,0.1134759683,0,0,0.01011433729,0,-0.04984090938,0,-0.7109954766,0.2744240177,-1.24519419,-0.01618974818,-0.2439365591,0.04603200064,0.04534124419,-0.006446081069,0.03756811853,0.9861193809,-0.6462730591,0.647195643,0.1883636278,0,0,0,0,0,0.1914379551,0.9031425688,8.047943706,-8.280255497,0.9388929319,0.08679439057,-0.9564802674,-0.2100978646,0,0,-1.435336856,0.3416972299,-2.538481319,0.002103359111,0,0.007027042178,0
AIT504,0.345206366,-1.239122516,0.2817581381,-0.05921799442,0,-1.645932451,0.265410289,-2.07102606,0.1533972292,-0.01004355245,0,0,0.07623682275,0,-0.06910643466,0,-0.4665999282,0.2719413674,-0.7041146705,-0.02716315083,-0.08495006512,0.0207933748,0.04131702789,0.0272189449,-0.14698539,0.635291795,1.493208838,-2.981880786,-1.674348321,0,0,0,0,0,0.7253357293,-0.04833367315,-8.280255497,30.0586437,-4.4492172,-0.2011121431,1.439886921,0.2183364771,0,0,9.587585215,-0.9299767286,8.103576255,0.02039034694,0,0.01777989972,0
FIT501,-0.1408387311,0.1421262869,0.0008829124044,0.1306504536,0,0.399677251,-0.01803845144,0.6504754439,-0.09339768109,-0.0231408352,0,0,-0.003525261196,0,-0.0007575376772,0,0.2201431659,-0.2051505348,0.1501291492,0.01980703513,0.02584350443,-0.01085439444,0.009964562722,-0.006045097565,0.06256693737,-0.3692150825,-0.9754121038,-15.93630164,-1.087296075,0,0,0,0,0,0.3448186624,0.7152384062,0.9388929319,-4.4492172,31.13559488,-0.5861901094,4.078578677,3.090680802,0,0,2.301703147,-0.5657469284,1.549216821,0.03871764592,0,-0.03103504569,0
FIT502,-0.01286203461,0.007929949501,0.007786442627,-0.001632060156,0,-0.01018893081,-0.002861228353,-0.05433686042,0.009038126373,-0.02628923055,0,0,-0.02284222085,0,0.03704469704,0,-0.03659660347,0.03460069251,-0.01717500505,-0.003626191571,-0.001414207693,0.005960990522,-0.002413437597,-0.008764799195,0.01209753908,-0.04283630153,0.07180692222,-0.4431860785,-0.0295691255,0,0,0,0,0,0.1145384456,0.06647067218,0.08679439057,-0.2011121431,-0.5861901094,2.367281608,0.1702786758,0.08681776814,0,0,0.1323198017,0.03087829754,0.1954335127,-0.007784359023,0,0.008561412478,0
FIT503,-0.05408591654,-0.225920263,0.03016559178,-0.01128621167,0,0.3330324672,0.08484924907,-0.2408576291,0.05264461412,-0.01378881149,0,0,0.0922753672,0,-0.1158424599,0,-0.047171306,-0.01183981931,-0.02074621949,3.83905283e-05,0.002166040607,0.02069817968,0.01878096052,-0.005631975128,-0.009357783809,-0.1074913797,1.251994345,2.761650441,0.05000361613,0,0,0,0,0,-0.8339827964,-3.398632355,-0.9564802674,1.439886921,4.078578677,0.1702786758,19.20110004,-0.7352658421,0,0,-3.922336621,-0.9523507821,-4.521529707,0.03692949807,0,-0.04193276794,0
FIT504,-0.0008188778067,-0.02753408896,-0.002354217859,-0.03939588728,0,0.09476295781,0.006400463434,0.07634538704,-0.01230378013,0.008700513107,0,0,-0.04793959968,0,0.06132235677,0,-0.04074645778,0.007651258772,-0.03593240747,0.0002528580925,-0.01653211638,-0.0004616215425,0.0008609739461,-0.002330282606,0.01558966485,0.1639668131,0.2061573776,2.274773951,0.241489499,0,0,0,0,0,-0.3870068621,-1.26319643,-0.2100978646,0.2183364771,3.090680802,0.08681776814,-0.7352658421,5.598607332,0,0,1.231429752,-0.4104772494,0.9756523613,0.007525246235,0,-0.005468497858,0
P501,0,0,0,0,0,0,0,0,0,0,0,0,0,0,0,0,0,0,0,0,0,0,0,0,0,0,0,0,0,0,0,0,0,0,0,0,0,0,0,0,0,0,100,0,0,0,0,0,0,0,0
P502,0,0,0,0,0,0,0,0,0,0,0,0,0,0,0,0,0,0,0,0,0,0,0,0,0,0,0,0,0,0,0,0,0,0,0,0,0,0,0,0,0,0,0,100,0,0,0,0,0,0,0
PIT501,0.1076275244,-0.3231300303,0.08169019161,-0.07911903491,0,-1.301399673,-0.04659051891,-0.7487417873,-0.07862462539,0.002751849805,0,0,-0.05450857477,0,0.1362507784,0,-0.4708986373,0.3091087202,-0.4060003618,-0.01849191623,0.03752417494,0.01035957775,-0.006498048793,0.009488981602,0.01170392942,-0.2430451871,3.001544558,0.9230122151,-1.797758936,0,0,0,0,0,2.591114633,2.45400924,-1.435336856,9.587585215,2.301703147,0.1323198017,-3.922336621,1.231429752,0,0,52.28573032,0.1725335807,-40.20089552,0.02004800428,0,0.02206724008,0
PIT502,-0.03480281511,-0.02758399708,-0.01256001141,-0.01469408893,0,-0.009405472539,-0.06793053653,0.7315131834,-0.06695571899,0.03041332778,0,0,-0.008119890629,0,-0.1099486773,0,0.2169339586,-0.05499061413,0.0344387289,-0.001217523933,-0.06736487559,-0.003544150943,0.008154587568,-0.01075026547,-0.06424488264,0.5180102638,1.029975271,-0.3984503987,0.05830743767,0,0,0,0,0,0.3600109905,-1.087709701,0.3416972299,-0.9299767286,-0.5657469284,0.03087829754,-0.9523507821,-0.4104772494,0,0,0.1725335807,1.451981921,-0.8212931551,0.006523423978,0,0.005676365934,0
PIT503,0.09842346214,-0.5214264198,0.1426878337,0.02360847889,0,-1.416136203,-0.05544440818,-0.7185365566,-0.05766354769,-0.01383782522,0,0,-0.04239690011,0,0.1462930239,0,-0.4169890291,0.2135307219,-0.3565136872,-0.006877471318,0.05787973912,-0.01567732681,0.003641432726,0.003959980783,0.001155016015,0.01768328473,-3.523461818,0.5695922808,-1.371087798,0,0,0,0,0,-1.3459499,-2.742702451,-2.538481319,8.103576255,1.549216821,0.1954335127,-4.521529707,0.9756523613,0,0,-40.20089552,-0.8212931551,57.66589555,-0.006309414011,0,0.02066366142,0
FIT601,0.03056048853,-0.01198596511,-0.0532132312,-0.01635632841,0,-0.0158435652,0.008862117274,0.01129125061,-0.05445660029,0.02940157911,0,0,-0.01338162687,0,-0.002364093097,0,0.77684056,0.2941819169,0.09567366268,0.5748648818,0.3198964228,-0.7734345601,0.4106915634,-0.01480274475,-1.212776277,0.01062590455,0.009281664105,0.02332378355,-0.04075716795,0,0,0,0,0,0.01573390161,0.004864507921,0.002103359111,0.02039034694,0.03871764592,-0.007784359023,0.03692949807,0.007525246235,0,0,0.02004800428,0.006523423978,-0.006309414011,3.11873702,0,-2.473946409,0
P601,0,0,0,0,0,0,0,0,0,0,0,0,0,0,0,0,0,0,0,0,0,0,0,0,0,0,0,0,0,0,0,0,0,0,0,0,0,0,0,0,0,0,0,0,0,0,0,0,100,0,0
P602,0.009495532356,-0.03991482648,-0.05886920704,-0.05336830051,0,-0.0293765376,0.01478108249,0.003564887454,0.02757454815,-0.0348759984,0,0,-0.08587579769,0,0.0007580734946,0,0.5861715311,-0.1404277,0.2113137117,-2.659216537,-0.04592847227,-0.07103219954,0.07913973348,0.0004396578992,-0.03967167532,0.01722109128,-0.01263316324,0.02698209195,-0.0539949839,0,0,0,0,0,0.02790763737,0.04484637627,0.007027042178,0.01777989972,-0.03103504569,0.008561412478,-0.04193276794,-0.005468497858,0,0,0.02206724008,0.005676365934,0.02066366142,-2.473946409,0,5.202690593,0
P603,0,0,0,0,0,0,0,0,0,0,0,0,0,0,0,0,0,0,0,0,0,0,0,0,0,0,0,0,0,0,0,0,0,0,0,0,0,0,0,0,0,0,0,0,0,0,0,0,0,0,100
