tag,mu,sigma,reading_t,z_fast,z_slow
FIT101,1.834108724,1.140635062,2.415206909,0.546262702,-0.1019943352
LIT101,593.5296795,114.6373938,509.3045044,-0.7474810566,-0.512789089
MV101,1.713948035,0.4609524799,2,0.6205671452,-0.09389551139
P101,1.744501479,0.4361410631,2,0.5858162483,0.5858162483
P102,1,0.0001,1,0,0
AIT201,263.8465713,4.857246167,234.3950043,-6.063428958,-5.932047036
AIT202,8.385209179,0.08034727555,8.439374924,0.6741453844,0.7190189501
AIT203,343.1996392,43.20701425,332.4789124,-0.2481246857,-0.2164682005
FIT201,1.821953202,1.065245384,2.447570086,0.5849525417,0.5879364317
MV201,1.741292776,0.4461959781,2,0.5798062668,0.5798062668
P201,1,0.0001,1,0,0
P202,1,0.0001,1,0,0
P203,1.742594001,0.4372049299,2,0.588753652,0.588753652
P204,1,0.0001,1,0,0
P205,1.685308407,0.4643929308,2,0.6776407905,0.6776407905
P206,1,0.0001,1,0,0
DPIT301,16.58078305,6.762374359,45,4.202550088,0.2560118286
FIT301,1.833846284,0.8252430134,0.007302308921,-2.214054836,0.2742174116
LIT301,907.6150532,71.37929074,945.0701904,0.5040838884,-0.8479892239
MV301,1.005376003,0.109163177,1,-0.04924740673,0.07900096767
MV302,1.799968314,0.4163306618,2,0.480463497,0.2114465586
MV303,1.019632446,0.1672078416,1,-0.1174134296,0.1935767698
MV304,1.02439586,0.1949686759,1,-0.125127073,0.1347437316
P301,1.000023236,0.004820334428,1,-0.004820446437,-0.004820446437
P302,1.824824673,0.3801169979,1,-2.169923148,0.2609073732
AIT401,130.4076479,48.97872007,148.8079987,0.3756805154,0.3756805154
AIT402,169.8745781,10.88373809,152.4481049,-1.601147797,-1.607150169
FIT401,1.710442292,0.01305178452,1.710312963,0.006778958924,0.2224746864
LIT401,891.9797399,59.12979825,896.9622803,0.1022779923,-0.2858403724
P401,1,0.0001,1,0,0
P402,2,0.0002,2,0,0
P403,1,0.0001,1,0,0
P404,1,0.0001,1,0,0
UV401,2,0.0002,2,0,0
AIT501,7.877026733,0.02505823842,7.804922104,-2.877481964,-3.005890552
AIT502,157.8596047,11.58034779,145.270401,-1.094861067,-1.112247805
AIT503,266.697102,5.159256267,270.5716858,0.750996578,-0.1576167136
AIT504,11.72058359,0.8169167177,13.88105965,2.644671126,1.994232734
FIT501,1.720434894,0.01354679878,1.724045038,0.09714452422,0.1951590712
FIT502,1.276860506,0.02103929644,1.283591986,0.2547999225,0.2996277216
FIT503,0.738268886,0.005011419968,0.7325801253,-0.7877092994,-0.9255857091
FIT504,0.308151433,0.001910822092,0.3082982898,0.07685529839,-0.21690298
P501,2,0.0002,2,0,0
P502,1,0.0001,1,0,0
PIT501,252.4590378,3.203782267,249.295105,-1.028073173,-1.133041271
PIT502,1.18351089,0.1898314488,0.8009483218,-2.015274975,-1.970550958
PIT503,191.4335116,2.960206934,188.044693,-1.19673336,-1.317456645
FIT601,0.01401606309,0.1468105019,0,-0.09547043919,0.153689459
P601,1,0.0001,1,0,0
P602,1.007720744,0.08752790227,1,-0.08820894088,0.1402896234
P603,1,0.0001,1,0,0
