method,attacks,Top@1,Top@3,Top@5,Stage hit,MRR,MRR 95% CI
TreeSHAP on RF,34,0.35294117647058826,0.38235294117647056,0.5,0.8823529411764706,0.41868158279832646,"[0.28, 0.57]"
LENS-U fixed (equal),58,0.1896551724137931,0.3103448275862069,0.3275862068965517,0.6724137931034483,0.2768895226035249,"[0.18, 0.37]"
"LENS-U (equal, mode-switched)",58,0.1896551724137931,0.3103448275862069,0.3275862068965517,0.6724137931034483,0.2768895226035249,"[0.18, 0.37]"
Relevance R only (label-free),58,0.13793103448275862,0.2413793103448276,0.39655172413793105,0.8620689655172413,0.2653231039039511,"[0.19, 0.35]"
RF Gini (static),58,0.10344827586206896,0.20689655172413793,0.27586206896551724,0.7758620689655172,0.2231641169117929,"[0.15, 0.30]"
Raw deviation |z|,58,0.10344827586206896,0.1206896551724138,0.1724137931034483,0.7241379310344828,0.15448398506699643,"[0.09, 0.23]"
XGBoost gain (static),58,0.017241379310344827,0.15517241379310345,0.22413793103448276,0.7758620689655172,0.14014484603656635,"[0.10, 0.18]"
Belief B only (label-free),58,0.05172413793103448,0.06896551724137931,0.13793103448275862,0.5344827586206896,0.1213668014516537,"[0.07, 0.18]"
Entropy H only,58,0.034482758620689655,0.10344827586206896,0.15517241379310345,0.2413793103448276,0.11638956273888154,"[0.07, 0.17]"
Random (expected),58,0.02285485164394548,0.06738154764712621,0.11036884391731203,,0.09147468287490533,
"Relevance R only (supervised, static)",58,0.0,0.017241379310344827,0.05172413793103448,0.7758620689655172,0.06817716487331807,"[0.05, 0.09]"
