scenario,method,0,3,6,10,drop 0->10
D: distractor drift,Conditional reference (CondAttr-style kNN),0.134,0.097,0.087,0.077,-0.057
D: distractor drift,LENS v2 (full),0.251,0.073,0.066,0.056,-0.195
D: distractor drift,LENS v2 without CUSUM,0.358,0.161,0.123,0.122,-0.236
D: distractor drift,LENS v2 without adaptation,0.094,0.044,0.038,0.035,-0.059
D: distractor drift,LENS v2 without own-history term,0.198,0.074,0.07,0.063,-0.135
D: distractor drift,"LENS-SW (state-switched, exploratory)",0.339,0.195,0.208,0.206,-0.133
D: distractor drift,"LENS-U (original, label-free)",0.304,0.154,0.127,0.098,-0.206
D: distractor drift,Linear forecast residual (GDN-style),0.401,0.106,0.108,0.092,-0.309
D: distractor drift,Raw deviation |z|,0.169,0.136,0.08,0.074,-0.095
D: distractor drift,Simple fix: sliding-baseline deviation,0.2,0.2,0.199,0.199,-0.001
T: target pre-drift,Conditional reference (CondAttr-style kNN),0.134,0.223,0.201,0.159,0.025
T: target pre-drift,LENS v2 (full),0.251,0.095,0.074,0.067,-0.184
T: target pre-drift,LENS v2 without CUSUM,0.358,0.197,0.169,0.154,-0.204
T: target pre-drift,LENS v2 without adaptation,0.094,0.043,0.04,0.037,-0.057
T: target pre-drift,LENS v2 without own-history term,0.198,0.082,0.069,0.064,-0.134
T: target pre-drift,"LENS-SW (state-switched, exploratory)",0.339,0.282,0.083,0.072,-0.267
T: target pre-drift,"LENS-U (original, label-free)",0.304,0.355,0.384,0.332,0.028
T: target pre-drift,Linear forecast residual (GDN-style),0.401,0.093,0.069,0.058,-0.343
T: target pre-drift,Raw deviation |z|,0.169,0.339,0.355,0.361,0.192
T: target pre-drift,Simple fix: sliding-baseline deviation,0.2,0.199,0.201,0.203,0.003
