method,n,MRR,Top@1,Top@3,Top@5,Stage
Simple fix: sliding-baseline deviation,33,0.42945260745096453,0.24242424242424243,0.5151515151515151,0.6363636363636364,0.45454545454545453
LENS-R SPE (full),33,0.42520701443711495,0.2727272727272727,0.45454545454545453,0.6060606060606061,0.45454545454545453
LENS-R T2 (full),33,0.4210963189655473,0.2727272727272727,0.45454545454545453,0.5757575757575758,0.45454545454545453
LENS-R T2 (no sparse repair),33,0.41513302209538766,0.2727272727272727,0.48484848484848486,0.5757575757575758,0.45454545454545453
LENS-R SPE (no sparse repair),33,0.40722499673034435,0.2727272727272727,0.42424242424242425,0.5454545454545454,0.45454545454545453
"LENS-SW (state-switched, exploratory)",33,0.38295406588855785,0.21212121212121213,0.45454545454545453,0.5757575757575758,0.5151515151515151
Conditional reference (CondAttr-style kNN),33,0.36294039159664343,0.24242424242424243,0.36363636363636365,0.5151515151515151,0.36363636363636365
LENS-R T2 (classic single-tag RBC),33,0.35320389414223224,0.24242424242424243,0.3333333333333333,0.42424242424242425,0.3939393939393939
LENS-R T2 (no drift correction),33,0.3468026281573196,0.24242424242424243,0.3333333333333333,0.48484848484848486,0.3939393939393939
LENS-R SPE (no drift correction),33,0.34376676969323494,0.21212121212121213,0.36363636363636365,0.48484848484848486,0.36363636363636365
"LENS-U (original, label-free)",33,0.3213534965741817,0.21212121212121213,0.30303030303030304,0.3939393939393939,0.36363636363636365
LENS-R SPE (classic single-tag RBC),33,0.3196380964333175,0.21212121212121213,0.30303030303030304,0.42424242424242425,0.36363636363636365
Raw deviation |z|,33,0.28960869483913015,0.18181818181818182,0.30303030303030304,0.36363636363636365,0.3333333333333333
TreeSHAP on RF,18,0.27324548017044514,0.16666666666666666,0.2222222222222222,0.3333333333333333,0.3888888888888889
LENS v2 without CUSUM,33,0.2684819781210156,0.09090909090909091,0.36363636363636365,0.3939393939393939,0.36363636363636365
Linear forecast residual (GDN-style),33,0.24641174087229065,0.12121212121212122,0.24242424242424243,0.3939393939393939,0.36363636363636365
