ds,param,value,mrr,n
swat,baseline,frozen,0.4210963189655472,33
swat,SLOW_FROM,900,0.4120872066850212,33
swat,SLOW_FROM,3600,0.3926239652480955,33
swat,SLOW_TO,120,0.42150582973602063,33
swat,SLOW_TO,600,0.39379548205241094,33
swat,FAST,5,0.4234725835209562,33
swat,FAST,30,0.4325460742021157,33
swat,Q,0.99,0.42202098456606346,33
swat,Q,0.9999,0.4210963189655472,33
swat,LAM,0.001,0.4301164057956236,33
swat,LAM,0.1,0.4171718939865474,33
swat,K_FAST,1,0.42508174543441,33
swat,K_FAST,3,0.42566490159017206,33
swat,Q_MAX,5,0.4222337617696567,33
swat,Q_MAX,20,0.4210963189655472,33
swat,N,5,0.4123347108828115,33
swat,N,20,0.43699904187807415,33
hai,baseline,frozen,0.3242280764680137,58
hai,SLOW_FROM,900,0.324271615304656,58
hai,SLOW_FROM,3600,0.324241760102387,58
hai,SLOW_TO,120,0.3242280764680137,58
hai,SLOW_TO,600,0.3242280764680137,58
hai,FAST,5,0.36316951934228914,58
hai,FAST,30,0.20317634703635484,58
hai,Q,0.99,0.3328487661231861,58
hai,Q,0.9999,0.3242280764680137,58
hai,LAM,0.001,0.42155202537075526,58
hai,LAM,0.1,0.2324330126403059,58
hai,K_FAST,1,0.3286182960225124,58
hai,K_FAST,3,0.32380923115155125,58
hai,Q_MAX,5,0.3242280764680137,58
hai,Q_MAX,20,0.3242280764680137,58
hai,N,5,0.19229802713311864,58
hai,N,20,0.3911555754523755,58
