,attacks,MRR,Top@1,Top@3,Top@5,Stage hit,MRR 95% CI
TreeSHAP on RF,52,0.36833831650405985,0.28846153846153844,0.3269230769230769,0.4423076923076923,0.7115384615384616,[0.264 0.485]
"LENS-SW (state-switched, exploratory)",91,0.3552446348560961,0.23076923076923078,0.38461538461538464,0.4945054945054945,0.6373626373626373,[0.281 0.434]
Linear forecast residual (GDN-style),91,0.34470725469803304,0.1978021978021978,0.3956043956043956,0.5054945054945055,0.6923076923076923,[0.271 0.421]
LENS v2 without CUSUM,91,0.32525692009752494,0.12087912087912088,0.4725274725274725,0.5604395604395604,0.5824175824175825,[0.265 0.391]
"LENS-U (original, label-free)",91,0.3101607317109546,0.2087912087912088,0.32967032967032966,0.3956043956043956,0.5824175824175825,[0.238 0.389]
Simple fix: sliding-baseline deviation,91,0.283166667908404,0.16483516483516483,0.3076923076923077,0.3956043956043956,0.5824175824175825,[0.213 0.359]
"Static context residual (no history, no adaptation, no CUSUM)",91,0.26780521177644256,0.13186813186813187,0.27472527472527475,0.3626373626373626,0.6593406593406593,[0.208 0.337]
RF Gini (static),91,0.2516271327436987,0.12087912087912088,0.26373626373626374,0.32967032967032966,0.6043956043956044,[0.191 0.318]
LENS v2 (full),91,0.2426501327231042,0.07692307692307693,0.24175824175824176,0.4725274725274725,0.5384615384615384,[0.191 0.298]
Conditional reference (CondAttr-style kNN),91,0.21732304892496707,0.10989010989010989,0.17582417582417584,0.3076923076923077,0.5824175824175825,[0.162 0.283]
Raw deviation |z|,91,0.21302240119384175,0.12087912087912088,0.21978021978021978,0.27472527472527475,0.6043956043956044,[0.151 0.284]
LENS v2 without own-history term,91,0.19480084193432723,0.03296703296703297,0.15384615384615385,0.38461538461538464,0.5494505494505495,[0.158 0.238]
LENS v2 without adaptation,91,0.12766116896333726,0.02197802197802198,0.08791208791208792,0.13186813186813187,0.6153846153846154,[0.099 0.16 ]
