m,attack,method,best_rank,rr,stage_hit,top1,top3,top5
0,1,LENS-R T2 (full),93.0,0.010752688172043012,0,0,0,0
0,1,LENS-R without drift correction,93.0,0.010752688172043012,0,0,0,0
0,1,GDN-style forecast residual,73.0,0.0136986301369863,0,0,0,0
0,1,Simple drift fix,81.0,0.012345679012345678,0,0,0,0
0,1,CondAttr-style kNN,67.0,0.014925373134328358,0,0,0,0
0,1,Raw deviation |z|,37.0,0.02702702702702703,0,0,0,0
0,2,LENS-R T2 (full),2.0,0.5,0,0,1,1
0,2,LENS-R without drift correction,2.0,0.5,0,0,1,1
0,2,GDN-style forecast residual,1.0,1.0,1,1,1,1
0,2,Simple drift fix,3.0,0.3333333333333333,0,0,1,1
0,2,CondAttr-style kNN,3.0,0.3333333333333333,0,0,1,1
0,2,Raw deviation |z|,18.0,0.05555555555555555,0,0,0,0
0,3-4,LENS-R T2 (full),29.0,0.034482758620689655,1,0,0,0
0,3-4,LENS-R without drift correction,29.0,0.034482758620689655,1,0,0,0
0,3-4,GDN-style forecast residual,8.0,0.125,0,0,0,0
0,3-4,Simple drift fix,26.0,0.038461538461538464,1,0,0,0
0,3-4,CondAttr-style kNN,43.0,0.023255813953488372,0,0,0,0
0,3-4,Raw deviation |z|,29.0,0.034482758620689655,1,0,0,0
0,5,LENS-R T2 (full),18.0,0.05555555555555555,0,0,0,0
0,5,LENS-R without drift correction,18.0,0.05555555555555555,1,0,0,0
0,5,GDN-style forecast residual,28.0,0.03571428571428571,1,0,0,0
0,5,Simple drift fix,25.0,0.04,1,0,0,0
0,5,CondAttr-style kNN,15.0,0.06666666666666667,1,0,0,0
0,5,Raw deviation |z|,19.0,0.05263157894736842,1,0,0,0
0,6,LENS-R T2 (full),47.0,0.02127659574468085,1,0,0,0
0,6,LENS-R without drift correction,47.0,0.02127659574468085,1,0,0,0
0,6,GDN-style forecast residual,34.0,0.029411764705882353,1,0,0,0
0,6,Simple drift fix,27.0,0.037037037037037035,0,0,0,0
0,6,CondAttr-style kNN,66.0,0.015151515151515152,1,0,0,0
0,6,Raw deviation |z|,40.0,0.025,0,0,0,0
0,7,LENS-R T2 (full),1.0,1.0,1,1,1,1
0,7,LENS-R without drift correction,1.0,1.0,1,1,1,1
0,7,GDN-style forecast residual,1.0,1.0,1,1,1,1
0,7,Simple drift fix,1.0,1.0,1,1,1,1
0,7,CondAttr-style kNN,2.0,0.5,1,0,1,1
0,7,Raw deviation |z|,1.0,1.0,1,1,1,1
0,10,LENS-R T2 (full),2.0,0.5,0,0,1,1
0,10,LENS-R without drift correction,2.0,0.5,0,0,1,1
0,10,GDN-style forecast residual,39.0,0.02564102564102564,1,0,0,0
0,10,Simple drift fix,14.0,0.07142857142857142,0,0,0,0
0,10,CondAttr-style kNN,15.0,0.06666666666666667,0,0,0,0
0,10,Raw deviation |z|,13.0,0.07692307692307693,0,0,0,0
0,15,LENS-R T2 (full),12.0,0.08333333333333333,0,0,0,0
0,15,LENS-R without drift correction,18.0,0.05555555555555555,0,0,0,0
0,15,GDN-style forecast residual,39.0,0.02564102564102564,1,0,0,0
0,15,Simple drift fix,7.0,0.14285714285714285,0,0,0,0
0,15,CondAttr-style kNN,17.0,0.058823529411764705,0,0,0,0
0,15,Raw deviation |z|,18.0,0.05555555555555555,0,0,0,0
6,1,LENS-R T2 (full),64.0,0.015625,0,0,0,0
6,1,LENS-R without drift correction,64.0,0.015625,0,0,0,0
6,1,GDN-style forecast residual,39.0,0.02564102564102564,0,0,0,0
6,1,Simple drift fix,81.0,0.012345679012345678,0,0,0,0
6,1,CondAttr-style kNN,68.5,0.014598540145985401,0,0,0,0
6,1,Raw deviation |z|,41.0,0.024390243902439025,0,0,0,0
6,2,LENS-R T2 (full),2.0,0.5,0,0,1,1
6,2,LENS-R without drift correction,6.0,0.16666666666666666,0,0,0,0
6,2,GDN-style forecast residual,30.0,0.03333333333333333,0,0,0,0
6,2,Simple drift fix,3.0,0.3333333333333333,0,0,1,1
6,2,CondAttr-style kNN,7.0,0.14285714285714285,0,0,0,0
6,2,Raw deviation |z|,23.0,0.043478260869565216,0,0,0,0
6,3-4,LENS-R T2 (full),23.0,0.043478260869565216,0,0,0,0
6,3-4,LENS-R without drift correction,28.0,0.03571428571428571,1,0,0,0
6,3-4,GDN-style forecast residual,53.0,0.018867924528301886,1,0,0,0
6,3-4,Simple drift fix,26.0,0.038461538461538464,1,0,0,0
6,3-4,CondAttr-style kNN,43.0,0.023255813953488372,1,0,0,0
6,3-4,Raw deviation |z|,32.0,0.03125,1,0,0,0
6,5,LENS-R T2 (full),18.0,0.05555555555555555,0,0,0,0
6,5,LENS-R without drift correction,31.0,0.03225806451612903,1,0,0,0
6,5,GDN-style forecast residual,19.0,0.05263157894736842,1,0,0,0
6,5,Simple drift fix,25.0,0.04,1,0,0,0
6,5,CondAttr-style kNN,23.0,0.043478260869565216,1,0,0,0
6,5,Raw deviation |z|,24.0,0.041666666666666664,1,0,0,0
6,6,LENS-R T2 (full),52.0,0.019230769230769232,0,0,0,0
6,6,LENS-R without drift correction,49.0,0.02040816326530612,1,0,0,0
6,6,GDN-style forecast residual,37.0,0.02702702702702703,1,0,0,0
6,6,Simple drift fix,27.0,0.037037037037037035,0,0,0,0
6,6,CondAttr-style kNN,68.5,0.014598540145985401,1,0,0,0
6,6,Raw deviation |z|,43.0,0.023255813953488372,1,0,0,0
6,7,LENS-R T2 (full),1.0,1.0,1,1,1,1
6,7,LENS-R without drift correction,1.0,1.0,1,1,1,1
6,7,GDN-style forecast residual,18.0,0.05555555555555555,1,0,0,0
6,7,Simple drift fix,1.0,1.0,1,1,1,1
6,7,CondAttr-style kNN,4.0,0.25,1,0,0,1
6,7,Raw deviation |z|,1.0,1.0,1,1,1,1
6,10,LENS-R T2 (full),2.0,0.5,0,0,1,1
6,10,LENS-R without drift correction,6.0,0.16666666666666666,0,0,0,0
6,10,GDN-style forecast residual,39.0,0.02564102564102564,1,0,0,0
6,10,Simple drift fix,14.0,0.07142857142857142,0,0,0,0
6,10,CondAttr-style kNN,18.0,0.05555555555555555,0,0,0,0
6,10,Raw deviation |z|,16.0,0.0625,0,0,0,0
6,15,LENS-R T2 (full),13.0,0.07692307692307693,0,0,0,0
6,15,LENS-R without drift correction,24.0,0.041666666666666664,0,0,0,0
6,15,GDN-style forecast residual,39.0,0.02564102564102564,1,0,0,0
6,15,Simple drift fix,7.0,0.14285714285714285,0,0,0,0
6,15,CondAttr-style kNN,20.0,0.05,1,0,0,0
6,15,Raw deviation |z|,22.0,0.045454545454545456,0,0,0,0
10,1,LENS-R T2 (full),64.0,0.015625,0,0,0,0
10,1,LENS-R without drift correction,64.0,0.015625,0,0,0,0
10,1,GDN-style forecast residual,39.0,0.02564102564102564,0,0,0,0
10,1,Simple drift fix,81.0,0.012345679012345678,0,0,0,0
10,1,CondAttr-style kNN,35.0,0.02857142857142857,0,0,0,0
10,1,Raw deviation |z|,41.0,0.024390243902439025,0,0,0,0
10,2,LENS-R T2 (full),2.0,0.5,0,0,1,1
10,2,LENS-R without drift correction,6.0,0.16666666666666666,0,0,0,0
10,2,GDN-style forecast residual,40.0,0.025,0,0,0,0
10,2,Simple drift fix,3.0,0.3333333333333333,0,0,1,1
10,2,CondAttr-style kNN,12.0,0.08333333333333333,0,0,0,0
10,2,Raw deviation |z|,23.0,0.043478260869565216,0,0,0,0
10,3-4,LENS-R T2 (full),23.0,0.043478260869565216,0,0,0,0
10,3-4,LENS-R without drift correction,28.0,0.03571428571428571,1,0,0,0
10,3-4,GDN-style forecast residual,58.0,0.017241379310344827,1,0,0,0
10,3-4,Simple drift fix,26.0,0.038461538461538464,1,0,0,0
10,3-4,CondAttr-style kNN,48.0,0.020833333333333332,1,0,0,0
10,3-4,Raw deviation |z|,32.0,0.03125,1,0,0,0
10,5,LENS-R T2 (full),18.0,0.05555555555555555,0,0,0,0
10,5,LENS-R without drift correction,31.0,0.03225806451612903,1,0,0,0
10,5,GDN-style forecast residual,19.0,0.05263157894736842,1,0,0,0
10,5,Simple drift fix,25.0,0.04,1,0,0,0
10,5,CondAttr-style kNN,21.0,0.047619047619047616,1,0,0,0
10,5,Raw deviation |z|,24.0,0.041666666666666664,1,0,0,0
10,6,LENS-R T2 (full),50.0,0.02,1,0,0,0
10,6,LENS-R without drift correction,51.0,0.0196078431372549,1,0,0,0
10,6,GDN-style forecast residual,37.0,0.02702702702702703,1,0,0,0
10,6,Simple drift fix,27.0,0.037037037037037035,0,0,0,0
10,6,CondAttr-style kNN,56.0,0.017857142857142856,1,0,0,0
10,6,Raw deviation |z|,43.0,0.023255813953488372,1,0,0,0
10,7,LENS-R T2 (full),1.0,1.0,1,1,1,1
10,7,LENS-R without drift correction,1.0,1.0,1,1,1,1
10,7,GDN-style forecast residual,26.0,0.038461538461538464,1,0,0,0
10,7,Simple drift fix,1.0,1.0,1,1,1,1
10,7,CondAttr-style kNN,4.0,0.25,1,0,0,1
10,7,Raw deviation |z|,1.0,1.0,1,1,1,1
10,10,LENS-R T2 (full),2.0,0.5,0,0,1,1
10,10,LENS-R without drift correction,6.0,0.16666666666666666,0,0,0,0
10,10,GDN-style forecast residual,39.0,0.02564102564102564,1,0,0,0
10,10,Simple drift fix,14.0,0.07142857142857142,0,0,0,0
10,10,CondAttr-style kNN,18.0,0.05555555555555555,0,0,0,0
10,10,Raw deviation |z|,16.0,0.0625,0,0,0,0
10,15,LENS-R T2 (full),13.0,0.07692307692307693,0,0,0,0
10,15,LENS-R without drift correction,24.0,0.041666666666666664,0,0,0,0
10,15,GDN-style forecast residual,39.0,0.02564102564102564,1,0,0,0
10,15,Simple drift fix,7.0,0.14285714285714285,0,0,0,0
10,15,CondAttr-style kNN,20.0,0.05,1,0,0,0
10,15,Raw deviation |z|,22.0,0.045454545454545456,0,0,0,0
